{"cameraMode":{"drawMode":0,"name":"Shaded","section":"Shading Mode"},"sceneLighting":true,"audioPlay":false,"sceneViewState":{"m_AlwaysRefresh":false,"showFog":true,"showSkybox":true,"showFlares":true,"showImageEffects":true,"showParticleSystems":true,"showVisualEffectGraphs":true,"m_FxEnabled":true},"in2DMode":false,"pivot":{"x":45.328147888183597,"y":-26.26833724975586,"z":45.328155517578128},"rotation":{"x":0.05147891864180565,"y":0.8436804413795471,"z":0.08225695788860321,"w":-0.5280041694641113},"size":8.322853088378907,"orthographic":false}